HUC8 ID,p10,p50,p90
16060011,0.0,0.0,0.0
15030202,0.0,0.0,0.0
15030201,0.0,0.0,0.0
18100204,0.0,0.0,0.0
16060013,0.0,0.0,0.0
18090208,0.0,0.0,0.0
16060003,0.0,0.0,0.0
3050105,2.3324867973421344,2.358143521285223,2.3886409302242555
16040201,0.0,0.0,0.0
14030005,0.044251331963565343,0.04514726785833342,0.04620527705855164
3050102,0.11934691446086806,0.11988962875916898,0.12063703729897837
16060010,0.0,0.0,0.0
11140205,0.012614711997657568,0.012699741853648793,0.012831659746102444
