HUC8 ID,p10,p50,p90
16060011,0.0,0.0,0.0
15030202,0.0,0.0,0.0
15030201,0.0,0.0,0.0
18100204,0.0,0.0,0.0
16060013,0.0,0.0,0.0
18090208,0.0,0.0,0.0
16060003,0.0,0.0,0.0
3050105,2.3321772261497724,2.357714073841847,2.3880974820419985
16040201,0.0,0.0,0.0
14030005,0.044274961890656134,0.04518532752028738,0.046200654744783035
3050102,0.11934728919519585,0.11987824345658804,0.12063620786655849
16060010,0.0,0.0,0.0
11140205,0.012613927677564382,0.012700199556429044,0.012833787386389262
