HUC8 ID,p10,p50,p90
16060011,0.17291573950523037,0.17578414310276946,0.17862957714859037
15030202,0.31191912384256704,0.31669753206674667,0.32160128691780737
15030201,0.3119181723277913,0.3166885680733194,0.32165453419172946
18100204,3.021162537910536,3.1213842573084922,3.2295979286077143
16060013,0.17300259258913114,0.1757861578926282,0.17869992776386148
18090208,4.471248754737022,4.628685245344302,4.793587610541516
16060003,0.12195534682507171,0.12390718275275886,0.12596750506604593
3050105,0.1963059075103455,0.1987758070308609,0.2011556427491158
16040201,0.6523198883461886,0.6693402674715945,0.6871159327679223
14030005,0.0848987882285361,0.08645189579396118,0.08808085206197576
3050102,0.3390779009839955,0.3430563982341202,0.34683320934005696
16060010,0.06126843936720952,0.0631333926396225,0.06514148185605602
11140205,0.22918000212152315,0.2361204168023628,0.24356539657462992
