HUC8 ID,p10,p50,p90
16060011,0.0,0.0,0.0
15030202,0.0,0.0,0.0
15030201,0.0,0.0,0.0
18100204,0.0,0.0,0.0
16060013,0.0,0.0,0.0
18090208,0.0,0.0,0.0
16060003,0.0,0.0,0.0
3050105,2.331870112811773,2.357929679670951,2.3886778311797627
16040201,0.0,0.0,0.0
14030005,0.04425865975475637,0.04516894429718524,0.0462009215699233
3050102,0.11934952811776976,0.11988182710941642,0.12062638367980809
16060010,0.0,0.0,0.0
11140205,0.012616858787693835,0.012701785119006402,0.012831497862596753
